,ci differs in i,ci=1
hm,0.932409711503494,0.93185416147971
hu,0.93825752174533,0.938592750533049
