,ci differs in i,ci=1
hm,0.910929050446149,0.910386866887395
hu,0.916469339430065,0.915457566669369
