,ci differs in i,ci=1
hm,0.924230960455854,0.922994986534486
hu,0.930863157894737,0.929482874412357
