,ci differs in i,ci=1
hm,0.949886395231565,0.950577091991654
hu,0.946233017702758,0.946497337156903
