,ci differs in i,ci=1
hm,0.951411431829939,0.950712127185557
hu,0.951626949568522,0.951034591691676
