,SVM-DAG,MLP-DAG,LSTM-DAG
dataset1,0.935239434617737,0.919729479140237,0.933456409961252
dataset2,0.91643320562029,0.907612924887639,0.915053291910901
dataset3,0.948038105578558,0.947303253610778,0.950614460312601
dataset4,0.924981430282435,0.915649255240892,0.924266253881843
dataset5,0.959487944326115,0.936266696001874,0.946386703852908
