,dataset1,dataset2,dataset3,dataset4,dataset5
original,0.935921710399894,0.916359197837125,0.948532683109796,0.925551944874316,0.960307767255411
HMC-DAG-SVM,0.932628047852648,0.915153486251668,0.946810414740681,0.924569019972112,0.958818396179665
