,SVM,MLP,LSTM
dataset1,0.935899121803153,0.920890582802778,0.933550484545013
dataset2,0.916218240044573,0.907031383561924,0.915138388427223
dataset3,0.947836885599698,0.951038395622336,0.950183417595022
dataset4,0.924935632223133,0.917940275908054,0.924167835215261
dataset5,0.96003449403908,0.941102026733248,0.946360811269534
