,SVM,MLP,LSTM
dataset1,0.935899121803153,0.889961827084775,0.917289857638332
dataset2,0.916218240044573,0.894975011704267,0.905225827941348
dataset3,0.947836885599698,0.917977417646908,0.920556160418482
dataset4,0.924935632223133,0.908571133173609,0.925073067005137
dataset5,0.96003449403908,0.908897758936223,0.936494198741517
