,SVM-DAG,MLP-DAG,LSTM-DAG
dataset1,0.932628047852648,0.919729479140237,0.92816290740603
dataset2,0.915153486251668,0.907612924887639,0.913198467112059
dataset3,0.946810414740681,0.947303253610778,0.9458368917244
dataset4,0.924569019972112,0.915649255240892,0.921842189421579
dataset5,0.958818396179665,0.936266696001874,0.945300652657711
