,SVM,MLP,LSTM,SVM-DAG,MLP-DAG,LSTM-DAG
dataset1,0.935899121803153,0.889961827084775,0.933550484545013,0.932628047852648,0.881939191024912,0.92816290740603
dataset2,0.916218240044573,0.894975011704267,0.915138388427223,0.915153486251668,0.883110661183902,0.913198467112059
dataset3,0.947836885599698,0.917977417646908,0.950183417595022,0.946810414740681,0.907804093264232,0.9458368917244
dataset4,0.924935632223133,0.908571133173609,0.924167835215261,0.924569019972112,0.902364546212975,0.921842189421579
dataset5,0.96003449403908,0.908897758936223,0.946360811269534,0.958818396179665,0.900713406988832,0.945300652657711
