,SVM,MLP,LSTM,SVM-DAG,MLP-DAG,LSTM-DAG
dataset1,0.938910926794086,0.92495351431759,0.939783248403072,0.935260115606936,0.922262800924201,0.934101548433562
dataset2,0.920885560800912,0.910940654016956,0.920892827835221,0.919055374592834,0.911550299692208,0.918803418803419
dataset3,0.94213310176048,0.951453284500896,0.950697526949905,0.941000157753589,0.947961499334846,0.945625348300295
dataset4,0.93187327593413,0.922738859101696,0.929706757331067,0.929645721925134,0.918646762653476,0.928370186971741
dataset5,0.958830256494037,0.935976381273724,0.941653562856906,0.957175547564564,0.930656318542264,0.940425884497473
