,SVM-DAG,MLP-DAG,LSTM-DAG
dataset1,0.935260115606936,0.922262800924201,0.934101548433562
dataset2,0.919055374592834,0.911550299692208,0.918803418803419
dataset3,0.941000157753589,0.947961499334846,0.945625348300295
dataset4,0.929645721925134,0.918646762653476,0.928370186971741
dataset5,0.957175547564564,0.930656318542264,0.940425884497473
