,SVM,MLP,LSTM
dataset1,0.938910926794086,0.92495351431759,0.939783248403072
dataset2,0.920885560800912,0.910940654016956,0.920892827835221
dataset3,0.94213310176048,0.951453284500896,0.950697526949905
dataset4,0.93187327593413,0.922738859101696,0.929706757331067
dataset5,0.958830256494037,0.935976381273724,0.941653562856906
