,dataset1,dataset2,dataset3,dataset4,dataset5
original,0.938940674904256,0.92030932030932,0.942789598108747,0.93255230125523,0.959510204081633
HMC-DAG-SVM,0.935260115606936,0.919055374592834,0.941000157753589,0.929645721925134,0.957175547564564
