,SVM,MLP,LSTM,SVM-DAG,MLP-DAG,LSTM-DAG
dataset1,0.938940674904256,0.92495351431759,0.939783248403072,0.938430698739977,0.922262800924201,0.939605026929982
dataset2,0.92030932030932,0.910940654016956,0.920892827835221,0.921295546558704,0.911550299692208,0.92080426754206
dataset3,0.942789598108747,0.951453284500896,0.950697526949905,0.942349984291549,0.947961499334846,0.95130076142132
dataset4,0.93255230125523,0.922738859101696,0.929706757331067,0.929533250722842,0.918646762653476,0.929963407369585
dataset5,0.959510204081633,0.935976381273724,0.941653562856906,0.957796969203194,0.930656318542264,0.941400430392319
