,SVM,MLP,LSTM
dataset1,0.938940675,0.924953514,0.939783248
dataset2,0.92030932,0.910940654,0.920892828
dataset3,0.942789598,0.951453285,0.950697527
dataset4,0.932552301,0.922738859,0.929706757
dataset5,0.959510204,0.935976381,0.941653563
