,SVM-DAG,MLP-DAG,LSTM-DAG
dataset1,0.935260115606936,0.850184265342092,0.91063140057467
dataset2,0.919055374592834,0.86135901740744,0.90184203885945
dataset3,0.941000157753589,0.886162577199132,0.91302227280117
dataset4,0.929645721925134,0.885210312075984,0.923756155544235
dataset5,0.957175547564564,0.857767653758542,0.928822055137845
